ell,split_seed,model,accuracy,balanced_accuracy,roc_auc,auc_advantage,train_samples,test_samples
1,42,Logistic Regression,0.4995,0.4995,0.4982301244444445,0.0017698755555555223,140000,30000
1,42,Random Forest,0.5071,0.5071,0.5067828844444444,0.006782884444444415,140000,30000
1,43,Logistic Regression,0.49683333333333335,0.49683333333333335,0.4975730044444444,0.002426995555555589,140000,30000
1,43,Random Forest,0.5011,0.5011,0.49843132,0.001568679999999989,140000,30000
1,44,Logistic Regression,0.5021333333333333,0.5021333333333333,0.5016835022222222,0.001683502222222244,140000,30000
1,44,Random Forest,0.5016333333333334,0.5016333333333334,0.5001463777777778,0.00014637777777781746,140000,30000
1,45,Logistic Regression,0.4976,0.4976,0.49717459555555554,0.002825404444444457,140000,30000
1,45,Random Forest,0.49783333333333335,0.49783333333333335,0.49869047555555557,0.001309524444444432,140000,30000
1,46,Logistic Regression,0.4977,0.49770000000000003,0.5006775422222223,0.0006775422222222716,140000,30000
1,46,Random Forest,0.5039,0.5039,0.5031414133333334,0.0031414133333333982,140000,30000
1,47,Logistic Regression,0.49893333333333334,0.49893333333333334,0.5002484888888888,0.0002484888888888426,140000,30000
1,47,Random Forest,0.5009,0.5009,0.4995437377777778,0.0004562622222222257,140000,30000
1,48,Logistic Regression,0.4973,0.49729999999999996,0.4979055777777778,0.0020944222222222253,140000,30000
1,48,Random Forest,0.49516666666666664,0.49516666666666664,0.49490820888888887,0.0050917911111111325,140000,30000
1,49,Logistic Regression,0.49656666666666666,0.49656666666666666,0.49549104888888895,0.004508951111111048,140000,30000
1,49,Random Forest,0.4994,0.49939999999999996,0.4993934355555556,0.0006065644444444018,140000,30000
1,50,Logistic Regression,0.49956666666666666,0.49956666666666666,0.49972216,0.00027783999999997366,140000,30000
1,50,Random Forest,0.4971,0.4971,0.4985543244444445,0.0014456755555555256,140000,30000
1,51,Logistic Regression,0.5029,0.5029,0.5061794488888889,0.006179448888888883,140000,30000
1,51,Random Forest,0.5077666666666667,0.5077666666666667,0.5067822,0.0067821999999999605,140000,30000
2,42,Logistic Regression,0.49956666666666666,0.4995666666666667,0.5028039777777777,0.002803977777777744,140000,30000
2,42,Random Forest,0.5005,0.5005,0.5028627511111111,0.002862751111111117,140000,30000
2,43,Logistic Regression,0.5001,0.5001,0.5009532933333334,0.0009532933333333826,140000,30000
2,43,Random Forest,0.5035333333333334,0.5035333333333334,0.5051927777777777,0.005192777777777713,140000,30000
2,44,Logistic Regression,0.5022,0.5022,0.5024380266666667,0.002438026666666704,140000,30000
2,44,Random Forest,0.49996666666666667,0.49996666666666667,0.5007719377777777,0.0007719377777777314,140000,30000
2,45,Logistic Regression,0.49933333333333335,0.4993333333333333,0.49950482222222226,0.0004951777777777444,140000,30000
2,45,Random Forest,0.5068,0.5067999999999999,0.5058631466666667,0.005863146666666652,140000,30000
2,46,Logistic Regression,0.4979,0.4979,0.4984383822222222,0.0015616177777778018,140000,30000
2,46,Random Forest,0.5011333333333333,0.5011333333333333,0.5028392933333333,0.002839293333333326,140000,30000
2,47,Logistic Regression,0.5031,0.5031,0.5055925066666667,0.005592506666666663,140000,30000
2,47,Random Forest,0.5017,0.5017,0.5025578933333332,0.0025578933333332277,140000,30000
2,48,Logistic Regression,0.4996,0.4996,0.5003679022222223,0.00036790222222227165,140000,30000
2,48,Random Forest,0.49866666666666665,0.4986666666666667,0.49544044,0.004559560000000018,140000,30000
2,49,Logistic Regression,0.5004666666666666,0.5004666666666667,0.5012354622222222,0.00123546222222215,140000,30000
2,49,Random Forest,0.5051333333333333,0.5051333333333334,0.5042865866666666,0.004286586666666592,140000,30000
2,50,Logistic Regression,0.5008,0.5008,0.49951088,0.0004891200000000095,140000,30000
2,50,Random Forest,0.5,0.5,0.5009332888888889,0.0009332888888888835,140000,30000
2,51,Logistic Regression,0.5050666666666667,0.5050666666666667,0.5061137866666667,0.006113786666666732,140000,30000
2,51,Random Forest,0.5029,0.5029,0.5058985244444444,0.005898524444444386,140000,30000
4,42,Logistic Regression,0.4992333333333333,0.4992333333333333,0.5024095155555556,0.0024095155555555747,140000,30000
4,42,Random Forest,0.4994,0.49939999999999996,0.5006578355555555,0.0006578355555555415,140000,30000
4,43,Logistic Regression,0.5053666666666666,0.5053666666666666,0.5087478444444444,0.00874784444444443,140000,30000
4,43,Random Forest,0.4991,0.4991,0.4977143155555555,0.0022856844444444913,140000,30000
4,44,Logistic Regression,0.5053333333333333,0.5053333333333334,0.5040936355555556,0.004093635555555641,140000,30000
4,44,Random Forest,0.5027,0.5027,0.5032358711111111,0.0032358711111111216,140000,30000
4,45,Logistic Regression,0.49956666666666666,0.4995666666666666,0.4988475511111111,0.0011524488888888795,140000,30000
4,45,Random Forest,0.4955,0.49550000000000005,0.4939983822222222,0.006001617777777801,140000,30000
4,46,Logistic Regression,0.5039333333333333,0.5039333333333333,0.5025661288888889,0.0025661288888888523,140000,30000
4,46,Random Forest,0.5023666666666666,0.5023666666666666,0.5007661111111111,0.0007661111111111341,140000,30000
4,47,Logistic Regression,0.5010666666666667,0.5010666666666667,0.5040032,0.0040031999999999845,140000,30000
4,47,Random Forest,0.5025,0.5025,0.5052588222222222,0.005258822222222181,140000,30000
4,48,Logistic Regression,0.4979,0.4979,0.49768997333333337,0.0023100266666666314,140000,30000
4,48,Random Forest,0.4982,0.4982,0.49675061777777774,0.0032493822222222635,140000,30000
4,49,Logistic Regression,0.49423333333333336,0.4942333333333333,0.49529043999999994,0.004709560000000057,140000,30000
4,49,Random Forest,0.49643333333333334,0.49643333333333334,0.49500769333333333,0.004992306666666668,140000,30000
4,50,Logistic Regression,0.5001666666666666,0.5001666666666666,0.49994835555555556,5.164444444444305e-05,140000,30000
4,50,Random Forest,0.49646666666666667,0.49646666666666667,0.4966067155555556,0.003393284444444422,140000,30000
4,51,Logistic Regression,0.4999,0.4999,0.4992007377777778,0.0007992622222222079,140000,30000
4,51,Random Forest,0.4946,0.49460000000000004,0.49295900000000004,0.007040999999999964,140000,30000
8,42,Logistic Regression,0.4989,0.4989,0.4996892977777778,0.00031070222222218113,140000,30000
8,42,Random Forest,0.5008,0.5008,0.502279688888889,0.0022796888888889644,140000,30000
8,43,Logistic Regression,0.5014666666666666,0.5014666666666666,0.4990236222222222,0.0009763777777778149,140000,30000
8,43,Random Forest,0.4962,0.4962,0.49837404444444444,0.0016259555555555583,140000,30000
8,44,Logistic Regression,0.5011,0.5011,0.5000663377777778,6.633777777775851e-05,140000,30000
8,44,Random Forest,0.504,0.504,0.5040702088888889,0.004070208888888871,140000,30000
8,45,Logistic Regression,0.49883333333333335,0.49883333333333335,0.49912178222222225,0.0008782177777777456,140000,30000
8,45,Random Forest,0.49746666666666667,0.49746666666666667,0.4986607377777778,0.0013392622222221928,140000,30000
8,46,Logistic Regression,0.49983333333333335,0.49983333333333335,0.49998207555555557,1.79244444444282e-05,140000,30000
8,46,Random Forest,0.5042666666666666,0.5042666666666666,0.5017746311111111,0.0017746311111110913,140000,30000
8,47,Logistic Regression,0.501,0.501,0.5000856622222222,8.566222222217146e-05,140000,30000
8,47,Random Forest,0.49673333333333336,0.49673333333333336,0.49725684,0.0027431600000000222,140000,30000
8,48,Logistic Regression,0.5013333333333333,0.5013333333333334,0.5016500088888889,0.0016500088888888875,140000,30000
8,48,Random Forest,0.4994,0.49939999999999996,0.5016357244444445,0.0016357244444444863,140000,30000
8,49,Logistic Regression,0.5001333333333333,0.5001333333333333,0.4981992444444444,0.0018007555555555887,140000,30000
8,49,Random Forest,0.5018333333333334,0.5018333333333334,0.4999547822222222,4.5217777777772916e-05,140000,30000
8,50,Logistic Regression,0.5010666666666667,0.5010666666666667,0.5004358577777778,0.00043585777777777057,140000,30000
8,50,Random Forest,0.5012,0.5012,0.502895151111111,0.0028951511111110495,140000,30000
8,51,Logistic Regression,0.5035,0.5035000000000001,0.5045183466666667,0.004518346666666728,140000,30000
8,51,Random Forest,0.4975333333333333,0.4975333333333333,0.4974380311111111,0.002561968888888877,140000,30000
